<TaskOptions>
  <TaskOptions>
    <option name="arguments" value="--write $FilePathRelativeToProjectRoot$" />
    <option name="checkSyntaxErrors" value="true" />
    <option name="description" />
    <option name="exitCodeBehavior" value="ERROR" />
    <option name="fileExtension" value="*" />
    <option name="immediateSync" value="false" />
    <option name="name" value="Prettier" />
    <option name="output" value="$FilePathRelativeToProjectRoot$" />
    <option name="outputFilters">
      <array />
    </option>
    <option name="outputFromStdout" value="false" />
    <option name="program" value="$PROJECT_DIR$/node_modules/prettier/bin-prettier.js" />
    <option name="runOnExternalChanges" value="true" />
    <option name="scopeName" value="Project Files" />
    <option name="trackOnlyRoot" value="false" />
    <option name="workingDir" value="$ProjectFileDir$" />
    <envs />
  </TaskOptions>
</TaskOptions>